Method,Job,AnalyzeLaunchVariance,EvaluateOverhead,MaxAbsoluteError,MaxRelativeError,MinInvokeCount,MinIterationTime,RemoveOutliers,Affinity,Jit,Platform,Runtime,AllowVeryLargeObjects,Concurrent,CpuGroups,Force,RetainVm,Server,Arguments,BuildConfiguration,Clock,EngineFactory,EnvironmentVariables,Toolchain,InvocationCount,IterationTime,LaunchCount,RunStrategy,TargetCount,UnrollFactor,WarmupCount,Mean,Error,StdDev,Median,Min,Max,Rank,Gen 0,Gen 1,Gen 2,Allocated
CompletedAwait,Clr,False,Default,Default,Default,Default,Default,Default,15,RyuJit,X64,Clr,False,True,False,True,False,False,Default,Default,Default,Default,Default,Default,1,Default,Default,Default,Default,16,Default,95.253 ns,0.7491 ns,0.6641 ns,95.100 ns,94.461 ns,96.557 ns,7,0.0075,-,-,24 B
Completed,Clr,False,Default,Default,Default,Default,Default,Default,15,RyuJit,X64,Clr,False,True,False,True,False,False,Default,Default,Default,Default,Default,Default,1,Default,Default,Default,Default,16,Default,12.036 ns,0.0659 ns,0.0617 ns,12.026 ns,11.931 ns,12.154 ns,2,0.0076,-,-,24 B
Pragma,Clr,False,Default,Default,Default,Default,Default,Default,15,RyuJit,X64,Clr,False,True,False,True,False,False,Default,Default,Default,Default,Default,Default,1,Default,Default,Default,Default,16,Default,87.868 ns,0.3923 ns,0.3670 ns,87.789 ns,87.336 ns,88.683 ns,6,0.0075,-,-,24 B
FromResult,Clr,False,Default,Default,Default,Default,Default,Default,15,RyuJit,X64,Clr,False,True,False,True,False,False,Default,Default,Default,Default,Default,Default,1,Default,Default,Default,Default,16,Default,107.009 ns,0.6671 ns,0.6240 ns,107.009 ns,106.204 ns,108.247 ns,8,0.0584,-,-,184 B
Yield,Clr,False,Default,Default,Default,Default,Default,Default,15,RyuJit,X64,Clr,False,True,False,True,False,False,Default,Default,Default,Default,Default,Default,1,Default,Default,Default,Default,16,Default,"1,766.843 ns",26.5216 ns,24.8083 ns,"1,770.383 ns","1,705.386 ns","1,800.653 ns",9,0.0877,0.0038,0.0019,320 B
CompletedAwait,Core,False,Default,Default,Default,Default,Default,Default,15,RyuJit,X64,Core,False,True,False,True,False,False,Default,Default,Default,Default,Default,Default,1,Default,Default,Default,Default,16,Default,37.201 ns,0.1961 ns,0.1739 ns,37.227 ns,36.970 ns,37.559 ns,4,0.0076,-,-,24 B
Completed,Core,False,Default,Default,Default,Default,Default,Default,15,RyuJit,X64,Core,False,True,False,True,False,False,Default,Default,Default,Default,Default,Default,1,Default,Default,Default,Default,16,Default,9.017 ns,0.0690 ns,0.0577 ns,9.010 ns,8.925 ns,9.128 ns,1,0.0076,-,-,24 B
Pragma,Core,False,Default,Default,Default,Default,Default,Default,15,RyuJit,X64,Core,False,True,False,True,False,False,Default,Default,Default,Default,Default,Default,1,Default,Default,Default,Default,16,Default,34.118 ns,0.4576 ns,0.4281 ns,34.259 ns,33.437 ns,34.792 ns,3,0.0076,-,-,24 B
FromResult,Core,False,Default,Default,Default,Default,Default,Default,15,RyuJit,X64,Core,False,True,False,True,False,False,Default,Default,Default,Default,Default,Default,1,Default,Default,Default,Default,16,Default,46.953 ns,1.2728 ns,1.1905 ns,46.467 ns,45.674 ns,49.868 ns,5,0.0533,-,-,168 B
Yield,Core,False,Default,Default,Default,Default,Default,Default,15,RyuJit,X64,Core,False,True,False,True,False,False,Default,Default,Default,Default,Default,Default,1,Default,Default,Default,Default,16,Default,"2,480.980 ns",199.4416 ns,575.4347 ns,"2,291.978 ns","1,810.644 ns","4,085.196 ns",10,0.0916,-,-,296 B
